title,category,url,image_url
adidas, Мяч спортивный, https://www.wildberries.ru/catalog/13060911/detail.aspx?targetUrl=GP, https://images.wbstatic.net/c252x336/new/13060000/13060911-1.jpg
adidas, Мяч спортивный, https://www.wildberries.ru/catalog/10611600/detail.aspx?targetUrl=GP, https://images.wbstatic.net/c252x336/new/10610000/10611600-1.jpg
adidas, Мяч спортивный, https://www.wildberries.ru/catalog/1258264/detail.aspx?targetUrl=GP, https://images.wbstatic.net/c252x336/new/1250000/1258264-1.jpg
adidas, Мяч спортивный, https://www.wildberries.ru/catalog/10611589/detail.aspx?targetUrl=GP, https://images.wbstatic.net/c252x336/new/10610000/10611589-1.jpg
Jogel, Мяч спортивный, https://www.wildberries.ru/catalog/7976459/detail.aspx?targetUrl=GP, https://images.wbstatic.net/c252x336/new/7970000/7976459-1.jpg
VINTAGE., Мяч спортивный, https://www.wildberries.ru/catalog/8773192/detail.aspx?targetUrl=GP, https://images.wbstatic.net/c252x336/new/8770000/8773192-1.jpg
adidas, Мяч спортивный, https://www.wildberries.ru/catalog/11141710/detail.aspx?targetUrl=GP, https://images.wbstatic.net/c252x336/new/11140000/11141710-1.jpg
adidas, Мяч спортивный, https://www.wildberries.ru/catalog/8856134/detail.aspx?targetUrl=GP, https://images.wbstatic.net/c252x336/new/8850000/8856134-1.jpg
adidas, Мяч спортивный, https://www.wildberries.ru/catalog/10611587/detail.aspx?targetUrl=GP, https://images.wbstatic.net/c252x336/new/10610000/10611587-1.jpg
adidas, Мяч спортивный, https://www.wildberries.ru/catalog/11141711/detail.aspx?targetUrl=GP, https://images.wbstatic.net/c252x336/new/11140000/11141711-1.jpg
adidas, Мяч спортивный, https://www.wildberries.ru/catalog/11318191/detail.aspx?targetUrl=GP, https: //static.wbstatic.net/i/blank.gif
Jogel, Мяч спортивный, https://www.wildberries.ru/catalog/7977266/detail.aspx?targetUrl=GP, https: //static.wbstatic.net/i/blank.gif
adidas, Мяч спортивный, https://www.wildberries.ru/catalog/8856126/detail.aspx?targetUrl=GP, https: //static.wbstatic.net/i/blank.gif
VAMOS, Мяч спортивный, https://www.wildberries.ru/catalog/8508723/detail.aspx?targetUrl=GP, https: //static.wbstatic.net/i/blank.gif
Mikasa, Мяч спортивный, https://www.wildberries.ru/catalog/14813415/detail.aspx?targetUrl=GP, https: //static.wbstatic.net/i/blank.gif
adidas, Мяч спортивный, https://www.wildberries.ru/catalog/8856119/detail.aspx?targetUrl=GP, https: //static.wbstatic.net/i/blank.gif
Nike, Мяч спортивный, https://www.wildberries.ru/catalog/13823887/detail.aspx?targetUrl=GP, https: //static.wbstatic.net/i/blank.gif
Jogel, Мяч спортивный, https://www.wildberries.ru/catalog/7976453/detail.aspx?targetUrl=GP, https: //static.wbstatic.net/i/blank.gif
adidas, Мяч спортивный, https://www.wildberries.ru/catalog/8856136/detail.aspx?targetUrl=GP, https: //static.wbstatic.net/i/blank.gif
adidas, Мяч спортивный, https://www.wildberries.ru/catalog/11141714/detail.aspx?targetUrl=GP, https: //static.wbstatic.net/i/blank.gif
adidas, Мяч спортивный, https://www.wildberries.ru/catalog/10611578/detail.aspx?targetUrl=GP, https: //static.wbstatic.net/i/blank.gif
adidas, Мяч спортивный, https://www.wildberries.ru/catalog/14714680/detail.aspx?targetUrl=GP, https: //static.wbstatic.net/i/blank.gif
adidas, Мяч спортивный, https://www.wildberries.ru/catalog/10718060/detail.aspx?targetUrl=GP, https: //static.wbstatic.net/i/blank.gif
Samba, Мяч спортивный, https://www.wildberries.ru/catalog/9474319/detail.aspx?targetUrl=GP, https: //static.wbstatic.net/i/blank.gif
Jogel, Мяч спортивный, https://www.wildberries.ru/catalog/7976467/detail.aspx?targetUrl=GP, https: //static.wbstatic.net/i/blank.gif
adidas, Мяч спортивный, https://www.wildberries.ru/catalog/8856131/detail.aspx?targetUrl=GP, https: //static.wbstatic.net/i/blank.gif
TORRES, Мяч спортивный, https://www.wildberries.ru/catalog/13530162/detail.aspx?targetUrl=GP, https: //static.wbstatic.net/i/blank.gif
X-Match, Мяч спортивный, https://www.wildberries.ru/catalog/11339299/detail.aspx?targetUrl=GP, https: //static.wbstatic.net/i/blank.gif
Nike, Мяч спортивный, https://www.wildberries.ru/catalog/8673617/detail.aspx?targetUrl=GP, https: //static.wbstatic.net/i/blank.gif
Nike, Мяч спортивный, https://www.wildberries.ru/catalog/11453045/detail.aspx?targetUrl=GP, https: //static.wbstatic.net/i/blank.gif
adidas, Мяч спортивный, https://www.wildberries.ru/catalog/11055832/detail.aspx?targetUrl=GP, https: //static.wbstatic.net/i/blank.gif
adidas, Мяч спортивный, https://www.wildberries.ru/catalog/14782016/detail.aspx?targetUrl=GP, https: //static.wbstatic.net/i/blank.gif
adidas, Мяч спортивный, https://www.wildberries.ru/catalog/13684187/detail.aspx?targetUrl=GP, https: //static.wbstatic.net/i/blank.gif
Samba, Мяч спортивный, https://www.wildberries.ru/catalog/9474324/detail.aspx?targetUrl=GP, https: //static.wbstatic.net/i/blank.gif
PUMA, Мяч спортивный, https://www.wildberries.ru/catalog/13425024/detail.aspx?targetUrl=GP, https: //static.wbstatic.net/i/blank.gif
Jogel, Мяч спортивный, https://www.wildberries.ru/catalog/13950385/detail.aspx?targetUrl=GP, https: //static.wbstatic.net/i/blank.gif
adidas, Мяч спортивный, https://www.wildberries.ru/catalog/8988920/detail.aspx?targetUrl=GP, https: //static.wbstatic.net/i/blank.gif
Jogel, Мяч спортивный, https://www.wildberries.ru/catalog/7976468/detail.aspx?targetUrl=GP, https: //static.wbstatic.net/i/blank.gif
adidas, Мяч спортивный, https://www.wildberries.ru/catalog/10611592/detail.aspx?targetUrl=GP, https: //static.wbstatic.net/i/blank.gif
Jogel, Мяч спортивный, https://www.wildberries.ru/catalog/7977265/detail.aspx?targetUrl=GP, https: //static.wbstatic.net/i/blank.gif
TORRES, Мяч спортивный, https://www.wildberries.ru/catalog/14552340/detail.aspx?targetUrl=GP, https: //static.wbstatic.net/i/blank.gif
adidas, Мяч спортивный, https://www.wildberries.ru/catalog/13107149/detail.aspx?targetUrl=GP, https: //static.wbstatic.net/i/blank.gif
adidas, Мяч спортивный, https://www.wildberries.ru/catalog/11318190/detail.aspx?targetUrl=GP, https: //static.wbstatic.net/i/blank.gif
adidas, Мяч спортивный, https://www.wildberries.ru/catalog/8856132/detail.aspx?targetUrl=GP, https: //static.wbstatic.net/i/blank.gif
Nike, Мяч спортивный, https://www.wildberries.ru/catalog/13151727/detail.aspx?targetUrl=GP, https: //static.wbstatic.net/i/blank.gif
Wilson, Мяч спортивный, https://www.wildberries.ru/catalog/11080312/detail.aspx?targetUrl=GP, https: //static.wbstatic.net/i/blank.gif
adidas, Мяч спортивный, https://www.wildberries.ru/catalog/8988918/detail.aspx?targetUrl=GP, https: //static.wbstatic.net/i/blank.gif
adidas, Мяч спортивный, https://www.wildberries.ru/catalog/14987923/detail.aspx?targetUrl=GP, https: //static.wbstatic.net/i/blank.gif
adidas, Мяч спортивный, https://www.wildberries.ru/catalog/14987929/detail.aspx?targetUrl=GP, https: //static.wbstatic.net/i/blank.gif
Joma, Мяч спортивный, https://www.wildberries.ru/catalog/7310041/detail.aspx?targetUrl=GP, https: //static.wbstatic.net/i/blank.gif
Nike, Мяч спортивный, https://www.wildberries.ru/catalog/10562082/detail.aspx?targetUrl=GP, https: //static.wbstatic.net/i/blank.gif
Wilson, Мяч спортивный, https://www.wildberries.ru/catalog/7501415/detail.aspx?targetUrl=GP, https: //static.wbstatic.net/i/blank.gif
Nike, Мяч спортивный, https://www.wildberries.ru/catalog/13151726/detail.aspx?targetUrl=GP, https: //static.wbstatic.net/i/blank.gif
adidas, Мяч спортивный, https://www.wildberries.ru/catalog/8988914/detail.aspx?targetUrl=GP, https: //static.wbstatic.net/i/blank.gif
Jogel, Мяч спортивный, https://www.wildberries.ru/catalog/7976466/detail.aspx?targetUrl=GP, https: //static.wbstatic.net/i/blank.gif
PUMA, Мяч спортивный, https://www.wildberries.ru/catalog/10589824/detail.aspx?targetUrl=GP, https: //static.wbstatic.net/i/blank.gif
adidas, Мяч спортивный, https://www.wildberries.ru/catalog/10611584/detail.aspx?targetUrl=GP, https: //static.wbstatic.net/i/blank.gif
adidas, Мяч спортивный, https://www.wildberries.ru/catalog/11318193/detail.aspx?targetUrl=GP, https: //static.wbstatic.net/i/blank.gif
adidas, Мяч спортивный, https://www.wildberries.ru/catalog/14987927/detail.aspx?targetUrl=GP, https: //static.wbstatic.net/i/blank.gif
adidas, Мяч спортивный, https://www.wildberries.ru/catalog/14782017/detail.aspx?targetUrl=GP, https: //static.wbstatic.net/i/blank.gif
Samba, Мяч спортивный, https://www.wildberries.ru/catalog/9474312/detail.aspx?targetUrl=GP, https: //static.wbstatic.net/i/blank.gif
X-Match, Мяч спортивный, https://www.wildberries.ru/catalog/11339296/detail.aspx?targetUrl=GP, https: //static.wbstatic.net/i/blank.gif
adidas, Мяч спортивный, https://www.wildberries.ru/catalog/8856133/detail.aspx?targetUrl=GP, https: //static.wbstatic.net/i/blank.gif
PUMA, Мяч спортивный, https://www.wildberries.ru/catalog/13425027/detail.aspx?targetUrl=GP, https: //static.wbstatic.net/i/blank.gif
adidas, Мяч спортивный, https://www.wildberries.ru/catalog/8988915/detail.aspx?targetUrl=GP, https: //static.wbstatic.net/i/blank.gif
TORRES, Мяч спортивный, https://www.wildberries.ru/catalog/13530163/detail.aspx?targetUrl=GP, https: //static.wbstatic.net/i/blank.gif
adidas, Мяч спортивный, https://www.wildberries.ru/catalog/14559860/detail.aspx?targetUrl=GP, https: //static.wbstatic.net/i/blank.gif
Select, Мяч спортивный, https://www.wildberries.ru/catalog/11849892/detail.aspx?targetUrl=GP, https: //static.wbstatic.net/i/blank.gif
Samba, Мяч спортивный, https://www.wildberries.ru/catalog/9474313/detail.aspx?targetUrl=GP, https: //static.wbstatic.net/i/blank.gif
adidas, Мяч спортивный, https://www.wildberries.ru/catalog/8988926/detail.aspx?targetUrl=GP, https: //static.wbstatic.net/i/blank.gif
VAMOS, Мяч спортивный, https://www.wildberries.ru/catalog/9109731/detail.aspx?targetUrl=GP, https: //static.wbstatic.net/i/blank.gif
adidas, Мяч спортивный, https://www.wildberries.ru/catalog/8856149/detail.aspx?targetUrl=GP, https: //static.wbstatic.net/i/blank.gif
adidas, Мяч спортивный, https://www.wildberries.ru/catalog/8988921/detail.aspx?targetUrl=GP, https: //static.wbstatic.net/i/blank.gif
PUMA, Мяч спортивный, https://www.wildberries.ru/catalog/10677598/detail.aspx?targetUrl=GP, https: //static.wbstatic.net/i/blank.gif
Samba, Мяч спортивный, https://www.wildberries.ru/catalog/9474320/detail.aspx?targetUrl=GP, https: //static.wbstatic.net/i/blank.gif
TORRES, Мяч спортивный, https://www.wildberries.ru/catalog/14552341/detail.aspx?targetUrl=GP, https: //static.wbstatic.net/i/blank.gif
Patrick, Мяч спортивный, https://www.wildberries.ru/catalog/10324781/detail.aspx?targetUrl=GP, https: //static.wbstatic.net/i/blank.gif
adidas, Мяч спортивный, https://www.wildberries.ru/catalog/14987921/detail.aspx?targetUrl=GP, https: //static.wbstatic.net/i/blank.gif
Jogel, Мяч спортивный, https://www.wildberries.ru/catalog/4995236/detail.aspx?targetUrl=GP, https: //static.wbstatic.net/i/blank.gif
adidas, Мяч спортивный, https://www.wildberries.ru/catalog/8856120/detail.aspx?targetUrl=GP, https: //static.wbstatic.net/i/blank.gif
adidas, Мяч спортивный, https://www.wildberries.ru/catalog/13107148/detail.aspx?targetUrl=GP, https: //static.wbstatic.net/i/blank.gif
Jogel, Мяч спортивный, https://www.wildberries.ru/catalog/4995238/detail.aspx?targetUrl=GP, https: //static.wbstatic.net/i/blank.gif
adidas, Мяч спортивный, https://www.wildberries.ru/catalog/8856121/detail.aspx?targetUrl=GP, https: //static.wbstatic.net/i/blank.gif
Jogel, Мяч спортивный, https://www.wildberries.ru/catalog/7976472/detail.aspx?targetUrl=GP, https: //static.wbstatic.net/i/blank.gif
adidas, Мяч спортивный, https://www.wildberries.ru/catalog/11141713/detail.aspx?targetUrl=GP, https: //static.wbstatic.net/i/blank.gif
TORRES, Мяч спортивный, https://www.wildberries.ru/catalog/14552354/detail.aspx?targetUrl=GP, https: //static.wbstatic.net/i/blank.gif
X-Match, Мяч спортивный, https://www.wildberries.ru/catalog/11339281/detail.aspx?targetUrl=GP, https: //static.wbstatic.net/i/blank.gif
X-Match, Мяч спортивный, https://www.wildberries.ru/catalog/11339279/detail.aspx?targetUrl=GP, https: //static.wbstatic.net/i/blank.gif
Indigo, Мяч спортивный, https://www.wildberries.ru/catalog/8075066/detail.aspx?targetUrl=GP, https: //static.wbstatic.net/i/blank.gif
ФК Зенит, Мяч спортивный, https://www.wildberries.ru/catalog/16142475/detail.aspx?targetUrl=GP, https: //static.wbstatic.net/i/blank.gif
adidas, Мяч спортивный, https://www.wildberries.ru/catalog/10611588/detail.aspx?targetUrl=GP, https: //static.wbstatic.net/i/blank.gif
Jogel, Мяч спортивный, https://www.wildberries.ru/catalog/7976460/detail.aspx?targetUrl=GP, https: //static.wbstatic.net/i/blank.gif
adidas, Мяч спортивный, https://www.wildberries.ru/catalog/14009411/detail.aspx?targetUrl=GP, https: //static.wbstatic.net/i/blank.gif
Nike, Мяч спортивный, https://www.wildberries.ru/catalog/13564117/detail.aspx?targetUrl=GP, https: //static.wbstatic.net/i/blank.gif
VINTAGE., Мяч спортивный, https://www.wildberries.ru/catalog/8773190/detail.aspx?targetUrl=GP, https: //static.wbstatic.net/i/blank.gif
Happy gifts, Мяч спортивный, https://www.wildberries.ru/catalog/11053148/detail.aspx?targetUrl=GP, https: //static.wbstatic.net/i/blank.gif
TORRES, Мяч спортивный, https://www.wildberries.ru/catalog/14552346/detail.aspx?targetUrl=GP, https: //static.wbstatic.net/i/blank.gif
Nike, Мяч спортивный, https://www.wildberries.ru/catalog/11031130/detail.aspx?targetUrl=GP, https: //static.wbstatic.net/i/blank.gif
Samba, Мяч спортивный, https://www.wildberries.ru/catalog/9474311/detail.aspx?targetUrl=GP, https: //static.wbstatic.net/i/blank.gif
Joma, Мяч спортивный, https://www.wildberries.ru/catalog/2223577/detail.aspx?targetUrl=GP, https: //static.wbstatic.net/i/blank.gif
